Entity,Layer,Ownership,Key AI Service,2024-25 Events,Risks,Primary Source
Palantir Technologies,Data Analytics/AI Platform,Public Company (NYSE: PLTR),"Palantir Artificial Intelligence Platform (AIP), Foundry, Gotham","$2.9B revenue 2024 (29% growth), launched AI-defined vehicle for US Army","Government dependency (55% revenue), classified program restrictions",SEC 10-K Filing 2025-02-18
Acxiom,Data Broker/Aggregator,Subsidiary of IPG (Interpublic Group),"Identity resolution, audience data, data management",Limited public disclosure due to private ownership,"Privacy regulation compliance, data monetization restrictions",Limited SEC filing access as subsidiary
LexisNexis Risk Solutions,Data Broker/Analytics,RELX Group subsidiary,"Risk assessment, identity verification, fraud detection",Expanded AI-powered risk analytics offerings,"Data privacy regulations, algorithmic bias concerns",RELX Annual Reports
Pinecone,Vector Database,Private (Series B funding),Serverless vector database for LLM applications,Continued growth in AI/LLM market adoption,"Competition from cloud providers, scaling challenges",Industry reports and funding announcements
Weaviate,Vector Database,Private company,Open-source vector search engine,"Enterprise customer expansion, hybrid cloud offerings","Open-source monetization challenges, enterprise competition",Company blog and industry coverage
Cloudflare,CDN/Edge Computing,Public Company (NYSE: NET),"Workers AI platform, edge computing for AI inference","Launched AI inference at edge, expanded developer tools","Cloud provider competition, regulatory scrutiny",SEC filings and earnings reports
OpenAI ChatGPT,Frontend Interface,Private (Microsoft partnership),"GPT-4o, ChatGPT API, custom GPTs","100M+ weekly users, API pricing reductions, GPT Store launch","Regulatory scrutiny, content moderation, competition",Company announcements and usage metrics
Anthropic Claude,Frontend Interface,Private (Google/Amazon funding),"Claude 3 family models, enterprise solutions","Claude 3 launch, enterprise adoption growth","OpenAI competition, funding dependency, safety concerns",Funding announcements and model releases
Google Gemini,Frontend Interface,Alphabet Inc. (GOOGL),"Gemini Pro/Ultra models, Bard integration","Gemini model family launch, enterprise integration","Privacy concerns, market competition, regulatory issues",Google I/O and earnings reports
HuggingFace,Open Source Community,Private (Series C funding),"Model Hub, transformers library, datasets","700K+ models, 10M+ downloads for top models","Monetization challenges, content moderation, scaling costs",Platform statistics and research papers
Character.ai,Frontend Interface,Private company,"AI character conversations, roleplay chatbots","Continued user growth, safety improvements","Content safety, user addiction concerns, monetization",Industry coverage and user metrics
X (Twitter) Grok,Frontend Interface,X Corp (Elon Musk),"Real-time AI assistant, X platform integration","Grok-1.5 launch, Premium subscription integration","Platform dependency, content moderation, user retention",X announcements and Musk statements
